	length	color	fluffy	label
0	27.5451385872	pink gold	True	rabbosaurus
1	12.1473569947	pink gold	False	platyhog
2	23.4541734285	light black	True	rabbosaurus
3	29.9566976663	pink gold	True	rabbosaurus
4	34.8840649123	light black	True	rabbosaurus
5	21.244648254	pink gold	False	rabbosaurus
6	26.6707151649	space gray	True	rabbosaurus
7	11.0305553954	pink gold	True	platyhog
8	18.6750677408	pink gold	True	platyhog
9	30.1797025125	light black	True	rabbosaurus
10	15.5340202648	pink gold	True	platyhog
11	29.292372049	pink gold	False	platyhog
12	34.2505144176	light black	True	rabbosaurus
13	20.2926887735	pink gold	True	platyhog
14	31.9143511951	pink gold	True	rabbosaurus
15	10.2892522837	pink gold	True	platyhog
16	31.6273181409	light black	True	rabbosaurus
17	27.0936463776	pink gold	False	platyhog
18	20.8085515471	pink gold	False	platyhog
19	28.8784360701	space gray	True	rabbosaurus
20	32.4093712851	light black	False	rabbosaurus
21	35.0715194177	light black	True	rabbosaurus
22	23.5248974019	light black	False	platyhog
23	23.4101738842	pink gold	True	platyhog
24	21.4827828364	purple polka-dot	True	platyhog
25	21.4550411173	pink gold	True	rabbosaurus
26	22.6167131522	purple polka-dot	True	platyhog
27	33.6426770042	light black	True	rabbosaurus
28	29.5062009707	space gray	True	rabbosaurus
29	27.3500556789	space gray	True	rabbosaurus
30	17.7846210706	space gray	True	rabbosaurus
31	21.1938033586	purple polka-dot	False	platyhog
32	14.4680704702	light black	False	platyhog
33	21.8336609907	light black	False	platyhog
34	23.0982433817	light black	True	rabbosaurus
35	38.4902949612	light black	True	rabbosaurus
36	25.119527525	pink gold	False	platyhog
37	26.5572573377	light black	True	rabbosaurus
38	24.5761561437	space gray	True	rabbosaurus
39	18.9497179368	purple polka-dot	False	platyhog
40	27.7178702193	space gray	True	rabbosaurus
41	22.7565110903	pink gold	False	platyhog
42	26.2742638907	light black	False	rabbosaurus
43	22.097945726	light black	True	platyhog
44	29.0782603196	pink gold	False	platyhog
45	18.7362484965	pink gold	True	platyhog
46	30.6217931631	space gray	True	rabbosaurus
47	37.5848683912	pink gold	True	rabbosaurus
48	27.0669202457	pink gold	True	rabbosaurus
49	30.7714502528	space gray	True	rabbosaurus
50	18.5399791861	pink gold	False	platyhog
51	19.4153412993	light black	False	platyhog
52	24.2638142938	space gray	True	rabbosaurus
53	37.600832211	space gray	True	rabbosaurus
54	19.4880446245	purple polka-dot	True	platyhog
55	30.9452172121	space gray	True	rabbosaurus
56	8.63691144523	pink gold	True	platyhog
57	24.5909043835	space gray	True	rabbosaurus
58	34.5215311007	light black	True	rabbosaurus
59	16.7869507927	light black	True	platyhog
60	35.9999382429	space gray	True	rabbosaurus
61	21.4994253327	light black	False	platyhog
62	30.807281817	light black	True	rabbosaurus
63	19.9587174267	purple polka-dot	True	platyhog
64	21.8030151623	space gray	True	rabbosaurus
65	38.9258440676	light black	True	rabbosaurus
66	31.5506126031	space gray	False	rabbosaurus
67	35.8522714868	space gray	False	rabbosaurus
68	16.003304229	light black	True	platyhog
69	27.2455339744	space gray	True	rabbosaurus
70	28.0068803763	pink gold	False	rabbosaurus
71	16.6761037391	light black	True	platyhog
72	18.2219343585	pink gold	False	platyhog
73	15.992141096	purple polka-dot	False	platyhog
74	17.4347469478	light black	False	platyhog
75	30.5522655465	space gray	True	rabbosaurus
76	35.5670083902	light black	True	rabbosaurus
77	30.7149501408	space gray	True	rabbosaurus
78	23.7158309373	pink gold	True	rabbosaurus
79	17.3030494026	purple polka-dot	True	platyhog
80	24.476854233	light black	False	platyhog
81	31.3099459839	pink gold	True	rabbosaurus
82	38.1476709726	pink gold	True	rabbosaurus
83	30.3290314123	space gray	True	rabbosaurus
84	30.6469276189	pink gold	False	rabbosaurus
85	25.0819563427	pink gold	True	platyhog
86	23.6872812861	light black	True	rabbosaurus
87	24.667925472	purple polka-dot	False	platyhog
88	22.1335089959	light black	False	platyhog
89	22.9850545614	pink gold	True	rabbosaurus
90	16.4583875779	light black	True	platyhog
91	24.79915225	light black	True	platyhog
92	18.4287470674	pink gold	True	platyhog
93	26.8115393059	pink gold	True	rabbosaurus
94	20.1152610413	pink gold	False	platyhog
95	26.6911026597	light black	False	platyhog
96	20.4199642807	light black	False	platyhog
97	28.3674117669	light black	False	rabbosaurus
98	30.5203036751	light black	False	rabbosaurus
99	30.8297848724	space gray	True	rabbosaurus
100	21.2364201512	light black	False	platyhog
101	38.0095382551	space gray	True	rabbosaurus
102	30.2934371922	pink gold	False	rabbosaurus
103	12.93610257	light black	False	platyhog
104	22.4350464688	light black	False	platyhog
105	15.0999667635	pink gold	False	platyhog
106	35.3221134421	space gray	True	rabbosaurus
107	25.0596982818	pink gold	False	platyhog
108	19.0770041141	light black	True	platyhog
109	29.8033533268	pink gold	True	rabbosaurus
110	37.2445180581	light black	False	rabbosaurus
111	8.81915578991	purple polka-dot	True	platyhog
112	18.2098994872	light black	True	platyhog
113	20.6480126063	pink gold	True	rabbosaurus
114	18.8598273086	pink gold	False	platyhog
115	22.4273761304	light black	False	platyhog
116	23.3525619532	light black	True	platyhog
117	18.3611787764	light black	True	platyhog
118	25.0643409743	light black	False	platyhog
119	4.16472335674	light black	False	platyhog
120	16.4300550099	light black	True	platyhog
121	27.0063411666	light black	True	rabbosaurus
122	14.4381786458	purple polka-dot	True	platyhog
123	13.7290824471	light black	True	platyhog
124	24.7985318567	purple polka-dot	False	platyhog
125	24.1458519951	pink gold	False	platyhog
126	34.9151669813	light black	False	rabbosaurus
127	29.1420199737	space gray	True	rabbosaurus
128	34.6576480669	space gray	True	rabbosaurus
129	16.1211498979	purple polka-dot	False	platyhog
130	25.8902850198	light black	False	platyhog
131	31.9253305139	space gray	True	rabbosaurus
132	34.7293849186	pink gold	True	rabbosaurus
133	20.5073344623	purple polka-dot	False	platyhog
134	17.8915794961	light black	False	platyhog
135	33.0653386401	pink gold	True	rabbosaurus
136	33.3682446691	light black	True	rabbosaurus
137	37.4622769358	pink gold	True	rabbosaurus
138	16.5353860181	purple polka-dot	True	platyhog
139	34.9323700935	light black	True	rabbosaurus
140	16.1086413677	light black	False	platyhog
141	22.3638742872	light black	False	platyhog
142	34.9690335357	pink gold	True	rabbosaurus
143	30.1020937939	light black	True	rabbosaurus
144	23.2507745048	pink gold	False	platyhog
145	27.0907489509	light black	True	rabbosaurus
146	21.1925060609	light black	True	platyhog
147	9.74891161308	pink gold	False	platyhog
148	21.4817932803	light black	False	platyhog
149	22.8269828202	pink gold	False	platyhog
150	26.7021995586	space gray	True	rabbosaurus
151	16.6539719727	light black	False	platyhog
152	33.7547229859	pink gold	False	rabbosaurus
153	20.2162527145	pink gold	True	platyhog
154	17.8076971798	space gray	True	rabbosaurus
155	23.4641090585	pink gold	True	rabbosaurus
156	10.6805785035	light black	True	platyhog
157	13.8501546916	light black	False	platyhog
158	25.1837315706	light black	True	rabbosaurus
159	18.3788232588	light black	False	platyhog
160	18.4512442799	light black	False	platyhog
161	21.7583968587	pink gold	False	platyhog
162	28.7618931065	light black	True	rabbosaurus
163	14.0653730674	pink gold	False	platyhog
164	18.2939696769	light black	False	platyhog
165	17.5511010979	purple polka-dot	False	platyhog
166	22.6400523699	purple polka-dot	False	platyhog
167	16.842809816	pink gold	True	rabbosaurus
168	36.2936065129	space gray	True	rabbosaurus
169	27.1052138418	light black	False	platyhog
170	28.6046015991	pink gold	True	platyhog
171	33.0008761816	space gray	True	rabbosaurus
172	39.9229119923	light black	True	rabbosaurus
173	12.1577997658	purple polka-dot	False	platyhog
174	35.3110723446	space gray	True	rabbosaurus
175	35.1518966558	light black	True	rabbosaurus
176	41.2533801552	pink gold	True	rabbosaurus
177	19.7599290412	pink gold	True	platyhog
178	27.1452095657	light black	False	rabbosaurus
179	14.4373534488	light black	True	platyhog
180	19.6762752426	purple polka-dot	False	platyhog
181	22.4827080038	light black	False	rabbosaurus
182	28.8382130175	pink gold	True	rabbosaurus
183	25.8750397308	space gray	True	rabbosaurus
184	22.1145963981	pink gold	False	platyhog
185	28.7157731949	space gray	True	rabbosaurus
186	24.7489050487	space gray	True	rabbosaurus
187	20.4074544935	purple polka-dot	True	platyhog
188	32.8394003373	space gray	True	rabbosaurus
189	32.564914248	space gray	False	rabbosaurus
190	19.754941506	light black	True	platyhog
191	29.8653870472	pink gold	True	rabbosaurus
192	31.5579075169	pink gold	True	rabbosaurus
193	27.4151958738	light black	True	platyhog
194	29.2897463644	light black	True	rabbosaurus
195	33.7601683413	pink gold	True	rabbosaurus
196	30.3482037474	light black	True	rabbosaurus
197	28.6727718755	pink gold	False	rabbosaurus
198	23.6049469585	light black	False	platyhog
199	34.6479223497	light black	True	rabbosaurus
200	18.6367276923	pink gold	False	platyhog
201	20.1210568045	pink gold	True	platyhog
202	36.3041063461	light black	True	rabbosaurus
203	36.6872691282	light black	True	rabbosaurus
204	25.0486265534	light black	True	rabbosaurus
205	24.3544890339	purple polka-dot	False	platyhog
206	27.3277639598	space gray	True	rabbosaurus
207	21.4925195263	space gray	True	rabbosaurus
208	28.807174909	pink gold	True	rabbosaurus
209	23.0489525302	light black	False	platyhog
210	32.0806190724	light black	True	rabbosaurus
211	29.3359941274	space gray	True	rabbosaurus
212	39.6542543352	space gray	True	rabbosaurus
213	17.8746194815	pink gold	False	platyhog
214	27.9707831244	space gray	True	rabbosaurus
215	11.1237857945	purple polka-dot	False	platyhog
216	14.0767125361	purple polka-dot	False	platyhog
217	20.7298961251	purple polka-dot	True	platyhog
218	11.0673657366	light black	False	platyhog
219	24.5574572226	light black	False	rabbosaurus
220	19.2380275099	light black	False	platyhog
221	17.7321541191	pink gold	True	platyhog
222	24.9962640152	purple polka-dot	False	platyhog
223	13.4097808826	purple polka-dot	False	platyhog
224	32.8425210333	pink gold	True	rabbosaurus
225	30.7496691425	space gray	True	rabbosaurus
226	10.3411551055	light black	True	platyhog
227	17.9017962919	light black	False	platyhog
228	23.173815658	pink gold	True	platyhog
229	25.3495929946	light black	False	platyhog
230	15.4533649172	purple polka-dot	False	platyhog
231	32.748212979	space gray	True	rabbosaurus
232	31.5189396539	space gray	False	rabbosaurus
233	22.351318738	purple polka-dot	False	platyhog
234	14.4428477612	light black	False	platyhog
235	16.2558626722	light black	False	platyhog
236	31.2188288027	space gray	True	rabbosaurus
237	22.8379736301	pink gold	True	platyhog
238	19.3885055848	space gray	True	rabbosaurus
239	26.3694298624	light black	True	rabbosaurus
240	27.0483754102	light black	True	rabbosaurus
241	23.5907527128	pink gold	False	platyhog
242	15.0030962536	light black	False	platyhog
243	22.3744916147	purple polka-dot	True	platyhog
244	28.2601783103	pink gold	True	rabbosaurus
245	10.6575009337	purple polka-dot	False	platyhog
246	27.7580418077	light black	True	rabbosaurus
247	32.0640938084	space gray	True	rabbosaurus
248	18.9867054642	pink gold	False	platyhog
249	14.3287598686	purple polka-dot	True	platyhog
250	15.961503299	light black	False	platyhog
251	33.0044125435	pink gold	True	rabbosaurus
252	13.6196132393	purple polka-dot	False	platyhog
253	22.7681319767	light black	False	platyhog
254	24.3417953662	space gray	True	rabbosaurus
255	33.434022034	space gray	True	rabbosaurus
256	32.9288406933	pink gold	True	rabbosaurus
257	22.7693723522	purple polka-dot	False	platyhog
258	32.3288503302	light black	True	rabbosaurus
259	16.5439977733	purple polka-dot	False	platyhog
260	21.8779115322	pink gold	False	platyhog
261	22.9105275599	light black	True	rabbosaurus
262	32.2029115014	pink gold	True	rabbosaurus
263	21.3063627657	purple polka-dot	False	platyhog
264	19.3577412283	light black	False	platyhog
265	30.7908509979	pink gold	False	platyhog
266	15.7956069143	pink gold	False	platyhog
267	20.0715254536	purple polka-dot	False	platyhog
268	30.4129770977	pink gold	True	rabbosaurus
269	18.0880648535	pink gold	False	platyhog
270	18.1410999268	light black	False	platyhog
271	20.7970600205	light black	True	platyhog
272	34.8044003761	pink gold	False	rabbosaurus
273	18.5280214991	light black	False	platyhog
274	15.6978661995	purple polka-dot	True	platyhog
275	38.9217839765	pink gold	True	rabbosaurus
276	37.940339428	light black	True	rabbosaurus
277	30.5632208612	light black	True	rabbosaurus
278	20.6211374898	light black	True	platyhog
279	25.9116582338	pink gold	False	platyhog
280	29.9906265414	space gray	True	rabbosaurus
281	33.15974142	space gray	True	rabbosaurus
282	24.7138318999	purple polka-dot	False	platyhog
283	24.4248002329	pink gold	True	rabbosaurus
284	22.746584292	light black	True	rabbosaurus
285	27.6373470399	pink gold	True	rabbosaurus
286	21.015222442	light black	False	platyhog
287	36.1028445686	light black	True	rabbosaurus
288	16.323015931	purple polka-dot	True	platyhog
289	20.932148002	pink gold	True	platyhog
290	25.4232151167	pink gold	False	platyhog
291	28.3443585086	pink gold	True	rabbosaurus
292	25.9559463116	purple polka-dot	False	platyhog
293	21.7984352978	light black	False	platyhog
294	18.1782139992	pink gold	False	platyhog
295	37.512904529	pink gold	True	rabbosaurus
296	16.0594355846	space gray	True	rabbosaurus
297	22.0639678661	space gray	True	rabbosaurus
298	29.3815563357	space gray	True	rabbosaurus
299	18.9862362528	purple polka-dot	False	platyhog
300	34.4409727067	light black	True	rabbosaurus
301	23.8602296367	pink gold	False	platyhog
302	23.4317310744	light black	False	platyhog
303	11.2115019393	purple polka-dot	False	platyhog
304	23.293087824	light black	False	platyhog
305	29.6518845064	pink gold	True	rabbosaurus
306	23.5564417001	purple polka-dot	False	platyhog
307	15.564042875	light black	False	platyhog
308	16.1750944189	purple polka-dot	False	platyhog
309	16.2141795094	purple polka-dot	True	platyhog
310	16.5986859874	purple polka-dot	True	platyhog
311	12.916252064	purple polka-dot	False	platyhog
312	29.5217362775	pink gold	True	rabbosaurus
313	29.3912925237	light black	True	rabbosaurus
314	21.5654596478	purple polka-dot	False	platyhog
315	21.185511328	space gray	True	rabbosaurus
316	35.7903443722	space gray	True	rabbosaurus
317	16.0714030062	pink gold	False	platyhog
318	26.5861764008	space gray	True	rabbosaurus
319	19.6480808195	light black	True	platyhog
320	17.5121560848	purple polka-dot	False	platyhog
321	21.275887607	purple polka-dot	False	platyhog
322	14.9469148196	purple polka-dot	False	platyhog
323	21.2263268745	pink gold	True	platyhog
324	21.9489050797	pink gold	False	platyhog
325	35.4476632861	light black	True	rabbosaurus
326	24.137972926	purple polka-dot	True	platyhog
327	29.838845447	pink gold	False	platyhog
328	9.53949114873	light black	False	platyhog
329	29.6473829102	pink gold	True	rabbosaurus
330	35.3408019366	light black	True	rabbosaurus
331	31.7162899049	space gray	True	rabbosaurus
332	21.6015716719	pink gold	False	platyhog
333	16.454185792	purple polka-dot	False	platyhog
334	29.4666275472	pink gold	False	rabbosaurus
335	10.3747066354	pink gold	True	platyhog
336	31.1313082353	space gray	True	rabbosaurus
337	22.6351119544	pink gold	True	rabbosaurus
338	24.2081531165	pink gold	False	platyhog
339	30.0301466359	pink gold	True	rabbosaurus
340	26.6609994195	purple polka-dot	False	platyhog
341	18.0418614475	light black	True	platyhog
342	38.5802016106	space gray	True	rabbosaurus
343	36.5409678199	space gray	True	rabbosaurus
344	25.0748820865	space gray	True	rabbosaurus
345	32.5284292567	space gray	True	rabbosaurus
346	21.0545814811	purple polka-dot	False	platyhog
347	19.6796162992	purple polka-dot	False	platyhog
348	22.1709883405	purple polka-dot	False	platyhog
349	24.4026787446	purple polka-dot	False	platyhog
350	21.7246866785	pink gold	False	platyhog
351	31.2398994237	light black	True	rabbosaurus
352	21.7288496473	light black	False	platyhog
353	34.0859414006	space gray	True	rabbosaurus
354	26.2986827144	pink gold	False	platyhog
355	19.1766888891	purple polka-dot	False	platyhog
356	24.6153228565	pink gold	True	platyhog
357	30.4707644276	pink gold	True	rabbosaurus
358	28.8324800343	light black	True	rabbosaurus
359	15.889997889	purple polka-dot	True	platyhog
360	36.6531538818	light black	False	rabbosaurus
361	31.0819828414	light black	True	rabbosaurus
362	28.0354247336	light black	True	platyhog
363	36.2773216097	light black	True	rabbosaurus
364	34.8719310167	light black	True	rabbosaurus
365	28.3775637924	light black	True	rabbosaurus
366	29.1649986282	pink gold	True	rabbosaurus
367	39.64916217	pink gold	True	rabbosaurus
368	23.6891269619	purple polka-dot	False	platyhog
369	17.9812023305	pink gold	True	platyhog
370	30.9574116272	pink gold	True	rabbosaurus
371	9.42725926455	light black	False	platyhog
372	26.2068578832	space gray	True	rabbosaurus
373	23.9997836101	space gray	True	rabbosaurus
374	34.8706621763	light black	True	rabbosaurus
375	19.9984464143	purple polka-dot	True	platyhog
376	14.0909529561	pink gold	True	platyhog
377	30.8014686055	space gray	True	rabbosaurus
378	21.4981730159	pink gold	False	platyhog
379	26.0395402474	pink gold	True	rabbosaurus
380	27.255844114	pink gold	False	platyhog
381	33.3729241562	light black	True	rabbosaurus
382	20.800298964	light black	True	platyhog
383	19.1099369284	light black	True	platyhog
384	30.7987434753	space gray	True	rabbosaurus
385	21.6976246462	light black	True	rabbosaurus
386	32.9434277736	pink gold	True	rabbosaurus
387	21.71102702	light black	False	platyhog
388	36.6659535142	light black	True	rabbosaurus
389	21.4282509805	pink gold	False	platyhog
390	8.18567945774	light black	False	platyhog
391	42.7992511532	space gray	False	rabbosaurus
392	30.1745128203	pink gold	True	rabbosaurus
393	21.2046843204	light black	False	platyhog
394	31.1632482911	light black	True	rabbosaurus
395	38.0329840262	light black	True	rabbosaurus
396	23.1013867806	purple polka-dot	True	platyhog
397	18.7032918285	purple polka-dot	False	platyhog
398	30.8436113347	light black	True	rabbosaurus
399	31.3767093154	pink gold	True	rabbosaurus
400	24.8927953907	light black	True	platyhog
401	19.3616271271	purple polka-dot	False	platyhog
402	26.8469080428	space gray	True	rabbosaurus
403	23.8349938124	light black	True	platyhog
404	23.0281244364	pink gold	False	rabbosaurus
405	31.3655255353	light black	False	platyhog
406	19.5180443549	pink gold	True	platyhog
407	10.2893391704	light black	True	platyhog
408	34.5634396791	light black	False	rabbosaurus
409	18.3170413796	light black	False	platyhog
410	11.370549976	light black	False	platyhog
411	23.0561891322	purple polka-dot	False	platyhog
412	26.5467548702	light black	False	platyhog
413	23.4793983086	light black	False	platyhog
414	23.6321488159	space gray	True	rabbosaurus
415	35.7032812147	space gray	True	rabbosaurus
416	21.6015410637	pink gold	True	platyhog
417	16.7753727124	purple polka-dot	False	platyhog
418	27.8782487298	light black	True	platyhog
419	23.76638106	light black	False	platyhog
420	21.4223477836	pink gold	False	platyhog
421	21.0243015952	purple polka-dot	False	platyhog
422	20.5581367933	purple polka-dot	True	platyhog
423	22.2610821198	light black	False	platyhog
424	16.9333641047	purple polka-dot	False	platyhog
425	27.62624967	pink gold	False	platyhog
426	20.7616987644	purple polka-dot	True	platyhog
427	23.0002722524	pink gold	False	platyhog
428	17.8321636117	light black	False	platyhog
429	26.0591722056	pink gold	True	rabbosaurus
430	31.326169792	space gray	False	rabbosaurus
431	21.8745926679	pink gold	False	platyhog
432	8.59123786847	purple polka-dot	True	platyhog
433	14.4085056077	pink gold	False	platyhog
434	28.1386413432	light black	True	rabbosaurus
435	35.8730011898	space gray	False	rabbosaurus
436	19.8429342341	purple polka-dot	False	platyhog
437	31.504232011	space gray	True	rabbosaurus
438	39.7954767625	space gray	True	rabbosaurus
439	24.5816116032	space gray	True	rabbosaurus
440	32.0693154077	space gray	True	rabbosaurus
441	13.3876344497	purple polka-dot	False	platyhog
442	30.2367094045	light black	False	rabbosaurus
443	31.3997178563	light black	True	rabbosaurus
444	37.9796058581	space gray	True	rabbosaurus
445	32.9265901505	space gray	True	rabbosaurus
446	32.1970703193	light black	False	platyhog
447	24.2623729566	space gray	True	rabbosaurus
448	11.6595934305	light black	False	platyhog
449	32.6675540917	pink gold	True	rabbosaurus
450	21.7295037452	purple polka-dot	False	platyhog
451	27.9219031192	pink gold	True	rabbosaurus
452	27.6332251496	light black	True	rabbosaurus
453	35.2292866402	pink gold	True	rabbosaurus
454	26.9883000849	space gray	True	rabbosaurus
455	28.2788657674	pink gold	True	platyhog
456	22.4064352971	purple polka-dot	False	platyhog
457	28.1013483621	space gray	True	rabbosaurus
458	18.4488622331	light black	False	platyhog
459	30.162036272	space gray	True	rabbosaurus
460	17.2392795808	pink gold	True	platyhog
461	34.7309294837	light black	True	rabbosaurus
462	23.3662774439	pink gold	False	platyhog
463	15.9986465948	purple polka-dot	False	platyhog
464	19.402569451	pink gold	True	platyhog
465	32.9079490143	light black	True	rabbosaurus
466	23.4559930286	purple polka-dot	True	platyhog
467	28.8279254404	light black	True	rabbosaurus
468	28.6391176716	space gray	True	rabbosaurus
469	24.1993516923	pink gold	False	rabbosaurus
470	26.200824557	space gray	True	rabbosaurus
471	18.4606048671	purple polka-dot	False	platyhog
472	20.4375500509	purple polka-dot	False	platyhog
473	18.4795685373	pink gold	False	platyhog
474	26.7280945709	pink gold	True	rabbosaurus
475	29.2535452913	light black	False	rabbosaurus
476	39.9338151858	light black	True	rabbosaurus
477	15.1510119825	light black	False	platyhog
478	25.9457524236	light black	True	platyhog
479	26.9653312029	pink gold	True	platyhog
480	26.6226528311	space gray	True	rabbosaurus
481	28.5208546605	pink gold	True	rabbosaurus
482	19.7380079751	pink gold	True	rabbosaurus
483	33.0028554716	pink gold	True	rabbosaurus
484	18.4165002305	pink gold	False	platyhog
485	22.1127560309	pink gold	True	rabbosaurus
486	18.6721192066	pink gold	False	platyhog
487	19.1105033051	pink gold	False	platyhog
488	25.4670523892	space gray	True	rabbosaurus
489	22.6940163681	light black	False	platyhog
490	35.2116768422	pink gold	True	rabbosaurus
491	19.4753578521	light black	True	rabbosaurus
492	15.4734986738	light black	False	platyhog
493	30.479602062	pink gold	False	rabbosaurus
494	34.0046482333	pink gold	True	rabbosaurus
495	37.6272211822	pink gold	True	rabbosaurus
496	19.5573734722	purple polka-dot	False	platyhog
497	25.3995344576	light black	True	rabbosaurus
498	26.8798757488	space gray	True	rabbosaurus
499	39.022181617	light black	True	rabbosaurus
500	29.8746992771	space gray	True	rabbosaurus
501	26.3186803287	light black	True	rabbosaurus
502	21.3147952758	pink gold	False	platyhog
503	23.2102107469	purple polka-dot	False	platyhog
504	26.4125708135	space gray	True	rabbosaurus
505	25.1372183822	pink gold	False	rabbosaurus
506	6.09581362559	light black	True	platyhog
507	22.0170160478	light black	False	platyhog
508	21.7292338096	light black	False	platyhog
509	25.0386411835	light black	True	platyhog
510	17.3686799239	light black	False	platyhog
511	17.4082339737	purple polka-dot	True	platyhog
512	27.8016389729	pink gold	True	rabbosaurus
513	35.4411023822	space gray	True	rabbosaurus
514	26.0125829333	light black	True	platyhog
515	34.4388303429	light black	True	rabbosaurus
516	12.1842164693	purple polka-dot	False	platyhog
517	28.1454514569	purple polka-dot	False	platyhog
518	24.1286484859	light black	False	rabbosaurus
519	32.7794722961	light black	False	platyhog
520	31.0729303735	light black	True	rabbosaurus
521	22.3872584235	purple polka-dot	True	platyhog
522	27.9892013246	pink gold	True	rabbosaurus
523	33.9122020205	light black	True	rabbosaurus
524	24.0704923679	pink gold	True	platyhog
525	12.5520914645	purple polka-dot	True	platyhog
526	16.5272010665	pink gold	False	platyhog
527	29.2182013639	light black	True	rabbosaurus
528	31.857623409	light black	True	rabbosaurus
529	25.2893127359	pink gold	False	platyhog
530	21.8090767349	purple polka-dot	False	platyhog
531	19.0928626849	pink gold	False	platyhog
532	29.2069739652	light black	True	rabbosaurus
533	19.0645703468	pink gold	True	rabbosaurus
534	21.1643456617	purple polka-dot	False	platyhog
535	22.5348824216	light black	False	platyhog
536	18.5345214946	pink gold	False	platyhog
537	19.8552702751	purple polka-dot	True	platyhog
538	19.818463126	purple polka-dot	False	platyhog
539	30.2350122268	space gray	True	rabbosaurus
540	14.7386050929	pink gold	False	platyhog
541	23.6412652523	light black	True	rabbosaurus
542	33.7356420584	space gray	True	rabbosaurus
543	26.600860538	light black	True	rabbosaurus
544	21.6179731398	pink gold	True	platyhog
545	26.9749367196	pink gold	True	rabbosaurus
546	29.0179295731	light black	True	platyhog
547	28.6598106509	pink gold	True	platyhog
548	12.6180035207	purple polka-dot	True	platyhog
549	29.9554858749	space gray	True	rabbosaurus
550	32.8889697711	light black	True	rabbosaurus
551	29.151280911	light black	True	rabbosaurus
552	22.8531560994	purple polka-dot	True	platyhog
553	38.2109138602	light black	True	rabbosaurus
554	23.3775189045	light black	False	platyhog
555	17.9474476859	pink gold	True	platyhog
556	38.2440893074	space gray	True	rabbosaurus
557	15.1789998264	purple polka-dot	False	platyhog
558	38.5773429608	light black	True	rabbosaurus
559	28.8284063772	light black	True	rabbosaurus
560	22.5902077195	space gray	True	rabbosaurus
561	36.1003925712	space gray	True	rabbosaurus
562	27.9182735735	pink gold	True	rabbosaurus
563	30.19083156	space gray	True	rabbosaurus
564	13.3959284291	purple polka-dot	True	platyhog
565	17.7764811057	purple polka-dot	False	platyhog
566	33.1416005143	pink gold	True	rabbosaurus
567	21.750045683	pink gold	True	platyhog
568	19.2097091212	light black	True	platyhog
569	16.9453345587	pink gold	False	platyhog
570	13.7542168432	light black	True	platyhog
571	21.7535812919	purple polka-dot	True	platyhog
572	21.9778179974	light black	True	rabbosaurus
573	38.1456060267	light black	True	rabbosaurus
574	25.3327122348	light black	False	platyhog
575	34.3748116455	light black	True	rabbosaurus
576	31.7613579104	space gray	True	rabbosaurus
577	15.3653901398	light black	False	platyhog
578	22.2421448207	purple polka-dot	False	platyhog
579	34.4545837524	pink gold	False	rabbosaurus
580	32.7847626966	pink gold	False	rabbosaurus
581	10.6026237804	light black	False	platyhog
582	16.7126694553	pink gold	False	platyhog
583	23.6480205976	light black	True	platyhog
584	14.4111639531	purple polka-dot	True	platyhog
585	16.9778163759	light black	True	platyhog
586	30.5841405778	light black	True	rabbosaurus
587	28.4611283893	pink gold	True	rabbosaurus
588	26.3042886282	light black	True	rabbosaurus
589	27.0898341422	purple polka-dot	False	platyhog
590	16.3357800987	purple polka-dot	False	platyhog
591	15.7302759039	purple polka-dot	True	platyhog
592	22.8792418097	light black	False	platyhog
593	29.7736678158	purple polka-dot	False	platyhog
594	18.8016502635	light black	True	platyhog
595	23.8436793016	light black	True	platyhog
596	31.4360714045	space gray	True	rabbosaurus
597	31.8060152989	light black	False	rabbosaurus
598	35.4159940134	space gray	True	rabbosaurus
599	26.7288459006	purple polka-dot	False	platyhog
600	21.6277608144	purple polka-dot	False	platyhog
601	18.6504104941	purple polka-dot	False	platyhog
602	15.6183663069	purple polka-dot	False	platyhog
603	31.0033000436	pink gold	True	rabbosaurus
604	25.7339924211	light black	True	rabbosaurus
605	22.118835763	light black	True	rabbosaurus
606	12.8739451954	light black	False	platyhog
607	25.5585087255	pink gold	False	platyhog
608	29.36218919	space gray	True	rabbosaurus
609	20.9047857287	pink gold	True	platyhog
610	26.6640047121	light black	False	platyhog
611	29.8627081166	pink gold	True	rabbosaurus
612	29.509542086	space gray	True	rabbosaurus
613	24.9446265817	light black	False	platyhog
614	16.9151473999	light black	False	platyhog
615	14.0655665005	pink gold	False	platyhog
616	22.0633479147	purple polka-dot	False	platyhog
617	16.8374655783	light black	False	platyhog
618	22.3474355132	space gray	True	rabbosaurus
619	35.3723257027	space gray	True	rabbosaurus
620	21.883445705	light black	False	platyhog
621	35.3631487312	space gray	True	rabbosaurus
622	25.8835741769	pink gold	False	rabbosaurus
623	34.0299105581	pink gold	True	rabbosaurus
624	16.3442403117	light black	False	platyhog
625	15.693873734	light black	False	platyhog
626	19.2950459523	light black	True	platyhog
627	34.7641543091	light black	True	rabbosaurus
628	24.670503102	pink gold	True	platyhog
629	21.5326994766	light black	True	platyhog
630	30.1922353832	light black	True	rabbosaurus
631	25.257506869	light black	True	rabbosaurus
632	38.0669076763	light black	True	rabbosaurus
633	31.9046071689	space gray	True	rabbosaurus
634	28.7448127239	space gray	True	rabbosaurus
635	33.8642269784	pink gold	True	rabbosaurus
636	25.8918757434	light black	True	platyhog
637	38.1110424393	space gray	False	rabbosaurus
638	13.8321914847	purple polka-dot	False	platyhog
639	14.7146142923	light black	False	platyhog
640	19.5541815042	purple polka-dot	False	platyhog
641	30.8285069165	pink gold	True	platyhog
642	27.5141992666	pink gold	True	rabbosaurus
643	23.3714305678	pink gold	False	platyhog
644	14.6669362898	light black	False	platyhog
645	33.4571127263	pink gold	True	rabbosaurus
646	19.6192977352	purple polka-dot	False	platyhog
647	39.7158008536	light black	True	rabbosaurus
648	24.4171758288	light black	True	rabbosaurus
649	21.103573954	light black	True	platyhog
650	27.2537320564	pink gold	True	rabbosaurus
651	27.010724597	pink gold	True	rabbosaurus
652	29.2083643148	space gray	True	rabbosaurus
653	28.9501313206	light black	True	rabbosaurus
654	31.5039771968	pink gold	True	rabbosaurus
655	17.1565712722	purple polka-dot	True	platyhog
656	23.0663749553	purple polka-dot	False	platyhog
657	25.8981223993	pink gold	True	rabbosaurus
658	19.2177693092	light black	False	platyhog
659	26.8866825556	space gray	True	rabbosaurus
660	18.503346409	pink gold	False	platyhog
661	26.301283936	purple polka-dot	False	platyhog
662	11.4516954892	pink gold	True	platyhog
663	15.1909732911	light black	True	platyhog
664	15.9134550928	light black	False	platyhog
665	31.5064524199	pink gold	True	rabbosaurus
666	30.7745592987	pink gold	True	rabbosaurus
667	15.76159465	pink gold	False	platyhog
668	34.3703990458	light black	True	rabbosaurus
669	32.0467751246	space gray	True	rabbosaurus
670	16.3562347735	light black	False	platyhog
671	33.8592331778	light black	True	rabbosaurus
672	24.2852398023	pink gold	True	rabbosaurus
673	22.4423797895	light black	True	platyhog
674	25.4826641421	light black	False	platyhog
675	24.5802063033	light black	False	platyhog
676	28.0829184444	pink gold	True	rabbosaurus
677	39.2418997544	space gray	True	rabbosaurus
678	14.9021893674	purple polka-dot	False	platyhog
679	31.9603902328	space gray	True	rabbosaurus
680	19.4629105072	light black	False	platyhog
681	33.7369648077	light black	True	rabbosaurus
682	31.3636736858	light black	True	rabbosaurus
683	32.1266792846	light black	True	rabbosaurus
684	22.2613260674	light black	False	platyhog
685	21.2000147614	light black	False	platyhog
686	26.5287369975	pink gold	False	platyhog
687	16.6233288223	pink gold	True	platyhog
688	28.8454797424	pink gold	True	rabbosaurus
689	20.7815971055	purple polka-dot	False	platyhog
690	47.8578960901	pink gold	True	rabbosaurus
691	18.0338464255	pink gold	True	platyhog
692	28.019220388	light black	True	rabbosaurus
693	29.8083939113	light black	True	rabbosaurus
694	17.8758183727	pink gold	True	rabbosaurus
695	21.2553750954	light black	False	platyhog
696	35.531333288	light black	False	rabbosaurus
697	14.6055154366	light black	False	platyhog
698	15.3553113952	purple polka-dot	False	platyhog
699	16.3494457011	pink gold	True	platyhog
700	27.2387352516	space gray	True	rabbosaurus
701	29.6960294699	space gray	True	rabbosaurus
702	17.1816534442	light black	False	platyhog
703	27.3597972456	pink gold	True	rabbosaurus
704	27.7396163282	purple polka-dot	False	platyhog
705	29.3065852736	pink gold	True	rabbosaurus
706	25.8770095715	pink gold	False	platyhog
707	18.9367516464	pink gold	False	platyhog
708	20.864666471	purple polka-dot	False	platyhog
709	12.0278199094	purple polka-dot	False	platyhog
710	28.5787645079	pink gold	True	rabbosaurus
711	19.1035382672	purple polka-dot	True	platyhog
712	29.7847911211	pink gold	False	rabbosaurus
713	29.7359925867	space gray	True	rabbosaurus
714	29.2289734426	light black	True	rabbosaurus
715	20.7980735666	purple polka-dot	True	platyhog
716	29.1606138673	pink gold	True	rabbosaurus
717	25.728421067	light black	False	platyhog
718	36.5425922616	space gray	True	rabbosaurus
719	21.6340235984	purple polka-dot	False	platyhog
720	22.1644502939	light black	True	platyhog
721	34.4070845988	space gray	True	rabbosaurus
722	34.4372115922	light black	True	rabbosaurus
723	21.4888144488	light black	True	platyhog
724	26.3377555944	space gray	True	rabbosaurus
725	36.2841041592	light black	False	rabbosaurus
726	21.3450059484	purple polka-dot	False	platyhog
727	13.0162041203	purple polka-dot	False	platyhog
728	17.9162116583	pink gold	True	platyhog
729	27.1744339927	light black	False	platyhog
730	24.119482213	light black	False	platyhog
731	35.658222546	space gray	True	rabbosaurus
732	27.232978356	light black	True	rabbosaurus
733	22.4711724953	purple polka-dot	False	platyhog
734	20.3335765461	pink gold	False	platyhog
735	23.2972069787	purple polka-dot	False	platyhog
736	37.619260086	light black	True	rabbosaurus
737	15.2755529552	light black	False	platyhog
738	26.583870285	space gray	True	rabbosaurus
739	12.0997021899	pink gold	False	platyhog
740	18.0895672388	light black	False	platyhog
741	20.789840808	pink gold	True	rabbosaurus
742	35.5076299308	pink gold	True	rabbosaurus
743	29.4024060978	light black	True	rabbosaurus
744	34.8846078229	light black	True	rabbosaurus
745	26.2289891864	space gray	True	rabbosaurus
746	22.6896152886	light black	False	platyhog
747	23.6911499413	light black	True	rabbosaurus
748	36.1593589431	pink gold	True	rabbosaurus
749	20.5391494113	light black	False	platyhog
750	22.963657183	pink gold	True	rabbosaurus
751	22.1948474428	light black	True	rabbosaurus
752	20.3720655462	light black	True	rabbosaurus
753	16.0276385085	pink gold	True	rabbosaurus
754	25.0697933942	pink gold	True	platyhog
755	21.7572525828	pink gold	False	platyhog
756	20.2242109811	light black	False	platyhog
757	26.6374247701	pink gold	False	platyhog
758	24.8044780837	pink gold	False	rabbosaurus
759	19.1529602079	pink gold	True	rabbosaurus
760	29.821972577	space gray	True	rabbosaurus
761	25.6618788923	light black	True	platyhog
762	19.5095434939	light black	False	platyhog
763	18.8179132484	space gray	True	rabbosaurus
764	14.4847506949	light black	False	platyhog
765	24.5286329041	light black	True	rabbosaurus
766	41.660309981	pink gold	True	rabbosaurus
767	31.7256212031	pink gold	True	rabbosaurus
768	30.264028377	space gray	True	rabbosaurus
769	15.4631925387	purple polka-dot	False	platyhog
770	21.8962400984	space gray	True	rabbosaurus
771	28.7720116703	light black	True	rabbosaurus
772	30.2405428157	light black	True	rabbosaurus
773	21.9740960211	pink gold	True	rabbosaurus
774	30.6309034044	light black	False	rabbosaurus
775	19.1927443086	light black	False	platyhog
776	18.1659430817	purple polka-dot	False	platyhog
777	35.9561622853	light black	True	rabbosaurus
778	28.2587094058	pink gold	True	rabbosaurus
779	29.013818158	light black	True	rabbosaurus
780	19.7895179225	light black	True	rabbosaurus
781	28.2888116494	purple polka-dot	False	platyhog
782	11.5993292553	light black	True	platyhog
783	23.003830657	light black	True	rabbosaurus
784	19.6787110656	purple polka-dot	True	platyhog
785	35.2884755071	space gray	True	rabbosaurus
786	26.6922467671	space gray	True	rabbosaurus
787	25.3514418278	space gray	True	rabbosaurus
788	14.668867563	purple polka-dot	False	platyhog
789	26.5370844201	pink gold	True	rabbosaurus
790	20.5840093446	purple polka-dot	False	platyhog
791	29.712669365	space gray	True	rabbosaurus
792	21.9113241645	pink gold	False	platyhog
793	24.2079204457	pink gold	True	rabbosaurus
794	30.6325825299	light black	True	rabbosaurus
795	17.9755151279	light black	False	platyhog
796	22.6524070684	pink gold	False	platyhog
797	23.1999616144	pink gold	True	rabbosaurus
798	19.0068652975	purple polka-dot	False	platyhog
799	33.8700000104	light black	True	rabbosaurus
800	24.7147211133	space gray	True	rabbosaurus
801	36.6013415947	pink gold	True	rabbosaurus
802	29.9498367362	space gray	True	rabbosaurus
803	25.771777858	pink gold	True	rabbosaurus
804	34.5573030479	pink gold	True	rabbosaurus
805	19.1030219362	pink gold	True	platyhog
806	17.9105563729	pink gold	False	platyhog
807	23.1275156045	light black	True	rabbosaurus
808	23.2541214437	purple polka-dot	False	platyhog
809	20.6925073185	light black	True	platyhog
810	27.2646717749	pink gold	True	rabbosaurus
811	27.8661981489	purple polka-dot	False	platyhog
812	26.3501243841	purple polka-dot	False	platyhog
813	29.9996223669	pink gold	True	rabbosaurus
814	22.7688730379	purple polka-dot	False	platyhog
815	29.3941659836	space gray	True	rabbosaurus
816	9.2027917695	purple polka-dot	True	platyhog
817	12.5783584398	pink gold	False	platyhog
818	24.9312528639	pink gold	False	platyhog
819	19.9570726581	pink gold	True	rabbosaurus
820	17.6218072024	pink gold	True	platyhog
821	25.3967672869	light black	True	rabbosaurus
822	21.1742187884	purple polka-dot	False	platyhog
823	16.847623	light black	False	platyhog
824	30.8411717121	light black	True	rabbosaurus
825	23.4005422032	light black	True	rabbosaurus
826	22.5894331526	purple polka-dot	False	platyhog
827	36.3321464933	pink gold	True	rabbosaurus
828	24.7899497205	pink gold	False	platyhog
829	13.9518613021	light black	True	platyhog
830	15.9321428726	pink gold	False	platyhog
831	11.6813579333	light black	True	platyhog
832	21.1670365591	light black	False	platyhog
833	11.6735978959	light black	False	platyhog
834	32.4759044439	pink gold	True	rabbosaurus
835	27.4287980464	space gray	True	rabbosaurus
836	28.8985376735	light black	True	rabbosaurus
837	39.3078206192	pink gold	True	rabbosaurus
838	18.1695915255	light black	True	platyhog
839	22.5980557327	purple polka-dot	True	platyhog
840	34.6799422544	light black	True	rabbosaurus
841	30.2904646734	light black	False	platyhog
842	21.8420917114	pink gold	True	platyhog
843	26.2644237099	purple polka-dot	False	platyhog
844	21.2957942128	light black	False	platyhog
845	31.9010957243	space gray	True	rabbosaurus
846	21.5462170469	light black	False	platyhog
847	18.9453855111	pink gold	False	platyhog
848	18.0836493355	pink gold	False	platyhog
849	25.8718907577	purple polka-dot	True	platyhog
850	22.9224061478	space gray	True	rabbosaurus
851	21.8733717641	pink gold	False	platyhog
852	21.6814817244	purple polka-dot	False	platyhog
853	16.9591236978	pink gold	False	platyhog
854	38.1480565932	light black	True	rabbosaurus
855	35.2620053444	space gray	True	rabbosaurus
856	18.2747913429	pink gold	False	platyhog
857	29.2579730622	light black	True	rabbosaurus
858	27.251509654	pink gold	True	rabbosaurus
859	29.0604803061	light black	False	rabbosaurus
860	30.3374524149	purple polka-dot	False	platyhog
861	19.6624908479	purple polka-dot	True	platyhog
862	26.630840298	light black	False	platyhog
863	17.3987414433	purple polka-dot	False	platyhog
864	24.0077208577	purple polka-dot	True	platyhog
865	23.9903165957	space gray	True	rabbosaurus
866	27.6460722115	light black	True	rabbosaurus
867	33.8158025708	pink gold	True	rabbosaurus
868	20.9618936138	space gray	True	rabbosaurus
869	21.4489779942	pink gold	False	platyhog
870	28.4296281288	light black	True	rabbosaurus
871	30.5687798644	space gray	True	rabbosaurus
872	30.5178401866	light black	True	rabbosaurus
873	17.9814344733	light black	False	platyhog
874	23.2428144927	pink gold	False	platyhog
875	24.1053152298	light black	True	rabbosaurus
876	24.0892355434	pink gold	True	rabbosaurus
877	12.2827804555	pink gold	False	platyhog
878	22.8731071446	purple polka-dot	False	platyhog
879	23.9345161096	light black	False	platyhog
880	21.3653659406	purple polka-dot	False	platyhog
881	35.4458269123	light black	False	rabbosaurus
882	26.5546184825	purple polka-dot	False	platyhog
883	19.6594977265	pink gold	True	platyhog
884	23.8773545359	pink gold	True	rabbosaurus
885	19.2543040767	purple polka-dot	False	platyhog
886	21.7751976455	pink gold	True	platyhog
887	35.0432547815	light black	True	rabbosaurus
888	24.3385312636	light black	False	platyhog
889	22.8492025723	light black	False	platyhog
890	18.8669346267	light black	False	platyhog
891	15.0238607741	light black	False	platyhog
892	27.5881734245	pink gold	False	rabbosaurus
893	35.3989817515	pink gold	True	rabbosaurus
894	23.3173962797	light black	True	platyhog
895	16.0521436286	purple polka-dot	False	platyhog
896	27.894607473	pink gold	True	rabbosaurus
897	24.1676433969	light black	True	rabbosaurus
898	34.282774282	light black	True	rabbosaurus
899	29.9130438888	pink gold	True	rabbosaurus
900	15.9086231602	purple polka-dot	False	platyhog
901	16.7267841198	pink gold	True	platyhog
902	20.2885440338	light black	False	platyhog
903	16.0185176785	purple polka-dot	False	platyhog
904	37.2428829266	pink gold	True	rabbosaurus
905	34.4610004257	light black	True	rabbosaurus
906	14.3215598161	pink gold	False	platyhog
907	16.7057902777	pink gold	False	platyhog
908	28.8528668553	light black	True	rabbosaurus
909	27.7516619917	pink gold	True	rabbosaurus
910	30.1168617164	light black	True	rabbosaurus
911	19.0833409477	light black	True	platyhog
912	30.9510500893	light black	True	rabbosaurus
913	25.5912573663	pink gold	True	rabbosaurus
914	22.2714223407	purple polka-dot	False	platyhog
915	20.3363345538	pink gold	False	platyhog
916	14.5976895238	pink gold	True	platyhog
917	21.1433106579	light black	False	platyhog
918	34.2096978651	pink gold	True	rabbosaurus
919	28.0131825409	light black	True	rabbosaurus
920	27.8848612742	pink gold	True	rabbosaurus
921	21.613777607	pink gold	False	platyhog
922	27.2965583131	pink gold	True	rabbosaurus
923	31.1550863367	space gray	True	rabbosaurus
924	26.5397369914	pink gold	True	rabbosaurus
925	30.67485055	pink gold	True	rabbosaurus
926	17.7251840479	purple polka-dot	False	platyhog
927	16.0187697059	purple polka-dot	False	platyhog
928	16.0168492297	purple polka-dot	True	platyhog
929	43.8330153555	space gray	True	rabbosaurus
930	17.3409384158	light black	True	platyhog
931	29.7319526996	pink gold	True	rabbosaurus
932	31.0712101822	light black	False	platyhog
933	27.8299763085	space gray	True	rabbosaurus
934	21.6615538593	pink gold	True	rabbosaurus
935	15.554637956	pink gold	False	platyhog
936	21.3299958359	purple polka-dot	False	platyhog
937	16.4294870181	purple polka-dot	True	platyhog
938	30.2511096238	pink gold	True	rabbosaurus
939	17.4700844211	light black	False	platyhog
940	24.4538452838	pink gold	True	rabbosaurus
941	28.1222094051	light black	True	rabbosaurus
942	16.469317803	purple polka-dot	False	platyhog
943	24.0060119295	pink gold	True	platyhog
944	21.8955391427	purple polka-dot	False	platyhog
945	19.3532809943	light black	False	platyhog
946	30.7580379682	space gray	True	rabbosaurus
947	22.5146747332	purple polka-dot	False	platyhog
948	23.7173284764	light black	False	platyhog
949	15.746424768	purple polka-dot	True	platyhog
950	22.7362620659	light black	True	platyhog
951	16.4118415779	light black	False	platyhog
952	21.3450527509	space gray	True	rabbosaurus
953	30.787313762	pink gold	True	rabbosaurus
954	31.5225758771	pink gold	True	rabbosaurus
955	23.5144999017	light black	True	rabbosaurus
956	28.0384540394	pink gold	True	rabbosaurus
957	20.8466681891	space gray	True	rabbosaurus
958	24.189676136	purple polka-dot	False	platyhog
959	37.8775046792	pink gold	True	rabbosaurus
960	23.7009923969	light black	True	platyhog
961	31.6528163827	light black	True	rabbosaurus
962	22.0185152535	pink gold	False	platyhog
963	29.1020574951	pink gold	True	rabbosaurus
964	18.9503682939	purple polka-dot	False	platyhog
965	17.3694536844	pink gold	False	platyhog
966	18.6818565066	pink gold	False	platyhog
967	23.8457738203	pink gold	True	platyhog
968	16.5883447717	light black	True	platyhog
969	29.1828208467	pink gold	True	rabbosaurus
970	20.2483561999	purple polka-dot	False	platyhog
971	35.6572180403	space gray	False	rabbosaurus
972	11.2618541534	light black	False	platyhog
973	29.5291722404	space gray	True	rabbosaurus
974	21.3018732926	pink gold	False	platyhog
975	31.6540838564	space gray	True	rabbosaurus
976	37.5931478018	pink gold	True	rabbosaurus
977	28.26916426	light black	True	rabbosaurus
978	14.8223579129	purple polka-dot	False	platyhog
979	24.5368233775	light black	False	rabbosaurus
980	25.8774971262	light black	True	rabbosaurus
981	37.1433191722	space gray	True	rabbosaurus
982	30.4571415426	space gray	True	rabbosaurus
983	27.4883435587	space gray	True	rabbosaurus
984	13.4093163408	light black	False	platyhog
985	34.868221899	light black	False	rabbosaurus
986	22.5935744097	purple polka-dot	True	platyhog
987	21.0516876507	pink gold	True	platyhog
988	17.7831125518	purple polka-dot	False	platyhog
989	18.4895216212	light black	False	platyhog
990	31.3551688373	light black	False	platyhog
991	19.0292785349	light black	True	platyhog
992	18.9939198586	pink gold	False	platyhog
993	34.9897869284	space gray	True	rabbosaurus
994	23.2615263958	purple polka-dot	False	platyhog
995	27.6217611605	pink gold	False	rabbosaurus
996	20.4360616863	purple polka-dot	False	platyhog
997	24.9371422488	pink gold	False	platyhog
998	25.1403158146	light black	True	rabbosaurus
999	21.3872440094	light black	True	platyhog
